{"F:\\dpfgt\\desktop\\trial-js-coverage-w-c8-mocha-main\\fb.js":{"Ample":{"0":0,"1":0,"2":0,"3":1,"4":1,"5":0,"6":0.5,"7":0.5,"8":0,"9":0.5,"10":0.5,"11":0,"12":0,"13":0},"Jaccard":{"0":0.3333333333333333,"1":0.3333333333333333,"2":0.3333333333333333,"3":1,"4":1,"5":0.3333333333333333,"6":0.5,"7":0.5,"8":0.3333333333333333,"9":0.5,"10":0.5,"11":0.3333333333333333,"12":0.3333333333333333,"13":0.3333333333333333},"Ochiai":{"0":0.5773502691896258,"1":0.5773502691896258,"2":0.5773502691896258,"3":1,"4":1,"5":0.5773502691896258,"6":0.7071067811865475,"7":0.7071067811865475,"8":0.5773502691896258,"9":0.7071067811865475,"10":0.7071067811865475,"11":0.5773502691896258,"12":0.5773502691896258,"13":0.5773502691896258},"Zoltar":{"0":0.3333333333333333,"1":0.3333333333333333,"2":0.3333333333333333,"3":1,"4":1,"5":0.3333333333333333,"6":0.5,"7":0.5,"8":0.3333333333333333,"9":0.5,"10":0.5,"11":0.3333333333333333,"12":0.3333333333333333,"13":0.3333333333333333}}}